fire_name,stage,published_at,like_count,text
Eaton Fire,notification,2025-01-09T08:37:52Z,2,Those poor souls... Yah please help ease their pain! My home town up in smoke; it (this devastation) hits different when it's your childhood town. I have been following the news all day. I just woke up 2 in the morning to catch up! We're all praying for help to stop the carnage!
Eaton Fire,notification,2025-01-08T18:44:47Z,3,Trump warned Newsom about this!
Eaton Fire,evacuation,2025-01-17T20:18:10Z,0,"üö®Please check out The City of Pasadena‚Äôs website. 

I wanted to see if the evacuation order in my area was lifted, instead I found, 
‚ÄúEaton Fire Repopulation Zone Viewer‚Äù, 3 days into the fire. üò≥

Please look it up for yourself!

Why would the city title this ‚ÄúRepopulation Viewer‚Äù instead of evacuation viewer???

Something nefarious is going on!!!!

And the city is in on it, along with greedy gruesome!"
Eaton Fire,notification,2025-01-17T15:28:50Z,0,"This is misinformation, Gavin Newsome and the Crats say there is water so there is water."
Eaton Fire,notification,2025-01-16T13:17:07Z,0,Look into the number of bulldozers bought for fire prevention in California over the last ten years .  Then look at how complicated California made it to operate a bulldozer for fire prevention in California .   You might want to do a news story on that one .
Eaton Fire,notification,2025-01-16T13:06:40Z,1,WHY DO THESE REPORTERS HAVE TO ROLL THEIR WORDS WHEN SHE SAYS CALAVERAS?? ITVIS ANNOYING AF!
Eaton Fire,notification,2025-01-15T01:59:48Z,0,"ü¶âResidents have said that they're not allowed to enter & one man recorded on his ph of being told he can't survey his property that he could see from inside his vehicle but was told he wasn't permitted to go in ...
üòè YET, newscasters can‚ùìÔ∏èü§î"
Eaton Fire,preparation,2025-01-12T08:02:05Z,0,"Not enough people fighting the fire when it's just a small bush fire around the house -- all ran away and it's impossible to rely on the limit firefighters to save their houses. People should develope a plan, prepared to stay and help put out the small fire around the yard before it burned the house and became 100' tall fire. Stucco wall and tile roof won't catch fire easy. It needs  human or robot to fight the small fires, not the fire Dept.
This area are new big beautiful houses."
Eaton Fire,evacuation,2025-01-09T16:38:57Z,0,i evacuated at 5 AM yesterday not knowing if my house would be standing when i get back. i don't know if it really is still there
Eaton Fire,notification,2025-01-09T01:20:07Z,0,"Sad news.
God bless America"
Eaton Fire,preparation,2025-01-09T01:17:57Z,4,"If the fires get much worse I hope the insurance companies can cover all the losses.  I heard some people say there were houses that cost upwards of $10 million but there were also cases of houses that had their insurance policies canceled due to fire risk.  It's just that if 1,000 homes are completely destroyed, insurance claims could be in the hundreds of millions.  I don't think most insurance companies could quickly come up with that amount of money and even if they do, it will probably be the last time they would offer policies to any homeowners in those fire-prone areas.  I never thought those fires could reach down into the residential areas in Los Angeles but with the strong winds blowing embers for miles it seems it can happen.  The more area the fire covers, the fire fighters become thinned out.  How many hours can a fire fighter go without rest or sleep while fires keep popping up.  That's a scary scenario that no one is prepared for.
I had wondered why no airdrops were being done but I didn't know they couldn't fly in heavy wind.  They need to drop fire-retardant to stop houses from easily igniting from sparks.  Four major fires all in different areas will be hard to control with limited resources."
Eaton Fire,preparation,2025-01-09T00:44:03Z,0,Land developers really packed buildings in tight and in tough places to defend.
Eaton Fire,evacuation,2025-01-09T00:07:00Z,1,EVACUATE NOW! DON'T BE LIKE THOSE WHO REMAIN TRAP. PRAYING  FOR SAFETY. üôèüôèüôèüôèüôèüôè
Eaton Fire,evacuation,2025-01-08T22:59:19Z,33,Just learned that a co-worker lost his home in Altadena and another friend has evacuated his family from their 1st home. It's just heartbreaking
Eaton Fire,evacuation,2025-01-08T22:08:17Z,14,"My mother's in assisted living in Arcadia and I know they evacuated half of Arcadia. Her facility's been without electricity for a day now and she's on the 2nd floor and can't use the elevator. The phones aren't working at the facility and my mom's phone lost battery so I can't get in contact and I'm watching all of this from New Jersey. I just hope they contain this fire before it comes down the mountain to the surrounding buildings even more.

Growing up in Southern California in the San Gabriel Valley, I recall seeing fires in the mountains every summer but they were always contained and never came down the mountains. Now it's seems like they are so powerful and devastating and he's right, it's really dry there now, more so then I remember as a child in the 70's and 80s."
Eaton Fire,notification,2025-01-09T01:40:44Z,0,Gavin Newsom 2028 !!
Eaton Fire,notification,2025-01-08T23:16:48Z,0,Your governor Gavin Newsom should resign for his incompetence
Eaton Fire,evacuation,2025-01-08T23:11:46Z,0,"Guarantee half the people driving on these streets have no business being there and are just slowing down those who do need to be there and also consuming resources (fuel) and setting themselves up to be one more person in trouble needing assistance. Yes, many are trying to evacuate and that's legit, but most are just lookylous getting in the way. I'd like to blame it on ""California idiots"" but this really does happen everywhere. I only worked emergency relief once long ago and am not a professional by any means, but I am intelligent enough to know that all I am likely to contribute in such a situation is to make things worse, so I stay home and watch on YouTube (unless I needed to evacuate and, hopefully, I had the means to do so before it was too late)."
Eaton Fire,notification,2025-01-08T22:29:11Z,1,Thanks to newsome and Mayor and everyone to save us
Eaton Fire,evacuation,2025-01-08T22:28:55Z,0,Apparently they haven't issued mandatory evacuation orders for that town.
Eaton Fire,notification,2025-01-08T21:53:26Z,0,"You guys should say this is Newson‚Äôs fault, right? More than anything."
Eaton Fire,notification,2025-01-08T21:50:55Z,0,"""A lack of resources in CA."" And Gavin Newsom?"
Eaton Fire,evacuation,2025-02-20T00:52:12Z,1,"Thanks for the update.  Glad they were lucky.  Had to evacuate where I live, and our neighborhood was spared.  ‚ù§"
Eaton Fire,notification,2025-02-11T16:45:56Z,1,"üò¢‚úùÔ∏èüôè‚úùÔ∏èüò¢ California üò¢‚úùÔ∏èüôè‚úùÔ∏èüò¢

Newsom and the other Leftist need to resign or charged with misappropriation of funds that may have prevented the fires, or at least been able to mitigate them."
Eaton Fire,notification,2025-01-28T14:06:18Z,0,That's Bush's equivalent weather mad? or mean.  Reminds me of our Queen Boss but nonnews called after it seems people ran away during an Office Attack.  They were big was comment.
Eaton Fire,preparation,2025-01-09T04:31:32Z,0,"There was no water anywhere in the affected area. There was no brush clearing preparedness. No firefighting planes. No switching off gas lines. When the tally of dead, injured and lost family properties comes, the local leadership‚Äôs ‚Äúprayers‚Äù will not be enough for the victims. Criminal incompetence at its worst."
Eaton Fire,notification,2025-01-08T16:35:29Z,0,Gods judgement on newsome and devil worship california.
Eaton Fire,notification,2025-01-08T16:18:52Z,0,Honestly from the outside looking in. How can you not see this coming. California is prone to earthquakes wildfire and droughts. The government but mainly the people that voted for them obviously dont care enough ü§î its gonna go from newsome to kamala and only get worse üòÇ
Eaton Fire,preparation,2025-01-08T15:52:24Z,6,"The reckoning has begun, be prepared for collective karma"
Eaton Fire,evacuation,2025-01-08T15:49:35Z,28,"""they can't access water"" - the city of beaumont not only built 20,000 houses without building any fire stations or evacuation routes also installed fire hydrants that were never connected to water - the fire hydrants are just for 'decoration' - 'cause there's no fire trucks coming to hook up a hose anyway ,.."
Eaton Fire,notification,2025-01-11T21:45:21Z,0,"Newscum, Bass and the fire chief all need to be fired and charged with criminal negligence!!!!!"
Eaton Fire,notification,2025-01-11T21:44:07Z,1,Tom hats off to you! Many reporters would think twice before covering this news for the high risks involved.  Please take care. Many blessings. My heart stays with the residents of Los Angeles. What a terrible tragedy!
Eaton Fire,notification,2025-01-11T21:43:12Z,1,"Newscum, Bass and the fire chief all need to be fired and charged with criminal negligence!!!!!"
Eaton Fire,notification,2025-01-11T21:35:51Z,0,California Gov. Gavin Newsom clams that he had SAVED the endangered double headed cockroach by not allowing the dams in California to be filled with water!
Eaton Fire,preparation,2025-01-11T21:31:53Z,0,what i would like to know is are they prepared for the rain and mud sides that follow
Eaton Fire,notification,2025-01-11T21:08:36Z,0,SHUTTING off THE NEWS feeds that GOOGLE DOESNT LIKE
Eaton Fire,notification,2025-01-11T21:00:31Z,0,It‚Äôd be nice to know that all the proceeds from your head wear on this video and others from Fox News were being donated to help the victims of this fire.
Eaton Fire,notification,2025-01-11T20:59:17Z,0,"Hello, hello everybody in California, as frustrated when I hear news after news from different sources, but never ask the questions of the important question who is responsible for these fires is the same source which hyena  Hawaii fire, which I understand that the fire on hyena Hawaii it was caused by the government, and I believe this fire, the government have done, just to give head its to Donald Trump when he comes to the White House to take over the nation, which I believe that no one knows this. Too many questions no answers and the investigation is supposed to done properly.. the mayor was‚Äôt present she was in Ghana Africa so that tells me. American people needs answers.."
Eaton Fire,notification,2025-01-11T20:33:23Z,0,Gavin newsome works for China
Eaton Fire,preparation,2025-01-09T21:59:19Z,0,"I don't understand... were they not prepared in case the fire came to them? How do evacs work in these types of situations? Poor animals. GOD bless the lady who said she wouldn't leaver her babies. It's hard for some to understand that for some people, their animals ARE their family, and for a part of those, their ONLY family. Praying they get the help they need since Trump said he was pulling funding from wildfire fighting agencies, and now the fire departments have been defunded for the police----no state should have to give the much needed funds for both to one or the other. Well...I hope CA can make it through this. They have made it through many."
Eaton Fire,evacuation,2025-01-08T18:12:42Z,0,"We live in Altadena we evacuated last night with my husband, dog and 85 year old grandmotherüò¢  it‚Äôs awful"
Eaton Fire,notification,2025-01-08T15:25:47Z,0,Our idiot governor Newsom has ‚ÄúTrump proofed‚Äù California so I don‚Äôt know if these people will get federal assistance.
Eaton Fire,evacuation,2025-01-08T08:06:30Z,2,"The reporter can barely breathe! OMG this is so dangerous, why IS SHE OUT THERE LIKE THIS! You can show footage of the fire without putting this reporter and her team in danger. She‚Äôs inhaling smoke on air! There‚Äôs embers blowing around her hair. That‚Äôs insane. Slowing down the evacuation and creating a possible situation that will further endanger firefighters? This was SO Irresponsible."
Eaton Fire,notification,2025-01-08T07:34:15Z,0,"CAN'T NEWSCUM PUT THE FIRES OUT WITH HIS HAIR GEL?  HEY NEWSCUM HOW COME THERE ISN'T ANY WATER IN THE ""FIRE"" HYDRANTS?"
Eaton Fire,notification,2025-01-08T07:02:14Z,0,Newsom is diabolical.
Eaton Fire,notification,2025-01-08T06:51:52Z,0,"Nice job Gavin newsom of keeping brush fires down Yes definitely on
 you And don't you dare run for president nobody wants You"
Eaton Fire,notification,2025-01-29T06:57:49Z,0,Corrupt power companies yet again!!! I wonder how much they'll Newscum to not go after them like pge did.
Eaton Fire,notification,2025-01-29T06:32:44Z,0,Does the evidence even matter? Didn't Newsom put protections into place for electric companies and wildfires?
Eaton Fire,notification,2025-01-29T02:56:20Z,0,Fake news because nowhere in that video you can see or blame powerlines for that fire.
Eaton Fire,notification,2025-01-29T02:51:40Z,0,I thought they caught the newsome guy with a can full gas and a handful of matches
Eaton Fire,notification,2025-01-29T01:50:09Z,0,Still dancing around Newsome!
Eaton Fire,notification,2025-01-29T00:19:58Z,0,Looks like the power company (rate payers) will be building a lot of new homes.  May have been a good deal to vote stupid democrats into power. Lawyers will have a field say with this news.
Eaton Fire,notification,2025-01-28T22:44:07Z,0,"I'd say, based on all the comments, that fires are a known issue and the power companies will pass on the lawsuit costs to consumers.  The BIG question is then WHY would anyone stay living there?  Get out of Cali.  Seems like staying is just asking for bad things.  You people need to be more intelligent than that.  Leave Gavin's failed state.  The libs will continue to vote for people like Newsom. Get out before disasters happen."
Eaton Fire,notification,2025-01-28T22:05:17Z,0,"I've done my fair share of work on utility equipment, although i'm not blaming them due to california being corrupt as hell and Newsom and all the mayors there I wouldn't trust as far as I could throw them,  unless the equipment is stainless steel, the salt air absolutely destroys it and can cause arcing due to increased resistance on contacts. I've even seen the metal swell in the salt air and crack it's housing"
Eaton Fire,notification,2025-01-28T18:55:00Z,0,"NBC. . Gaslighting the American people for decades nothing more than a far leftist woke News channel. Wake up people,  these are the same ones telling you the boarders are secured, the economy is good, and Biden is just fine, getting lost on stage.  Just a propaganda news channel. We've seen how they are totally lieing to you"
Eaton Fire,notification,2025-01-28T09:55:55Z,0,"Brought to you by YOUR incompetent leaders. Newsom, Bass, and staff MUST resign Immediately."
Eaton Fire,notification,2025-01-08T12:57:51Z,1,WHERE IS GAVIN AGENT OF CHAOS NEWSOME ON VACATION IN ANOTHER COUNTRY
Eaton Fire,evacuation,2025-01-15T00:31:15Z,0,Please everyone at risk put all your important documents in one area just in case you have to evacuate
Eaton Fire,preparation,2025-01-13T06:29:44Z,2,"Please have what you need on you for 1-3 days. Most of the time you won't use it but if you need it you'll be so so grateful. 

What I keep in my diaper bag
Power box
Wall plug in
Charger cord X2
Geiger counter 
Camping spork
Knife (with window punch and seat belt cutter) 
Hair brush (with mirror) 
Sun screen
Lip balm
Hand sanitizer
Water bottle 
Walkie talkie (with noaa radio and flash light)
Tweezers (medical)
Dog walking flashlight with doggie bags
Beach towel 
Wallet 
First aid kit( bleed stop, bandaid, medical tape, medical scissors, steri strips, mole skin) 
Med kit( bentonite clay, healing salve, breathing salve, teething medicine, belladonna, arnica, eye drops, activitied charcoal, oil of oregano, Tylenol, Advil, peroxide, honey, burn cream, cough drops, electrolyte drink) 
Water filter 
Frog toggs (or hand warmers depending on season) 
Hygiene kit (Castile soap, conditioner, deodorant, tooth brush, toothpaste, qtips, tweezers, nail clippers) 
Wipes 
Granola bars
Kids activities 
Arch support
Pads
Sewing kit
Pen
Potassium iodide drops 
Swimming Moby wrap
Gallon zip lock bag (wash clothes) 
Packing cube (clothing storage) 
Small dirty clothes bag
Whistle"
Eaton Fire,detection,2025-01-18T22:28:27Z,0,Who all noticed the blue signs didn't get burned ü§î
Eaton Fire,notification,2025-01-18T06:06:53Z,1,I was noticing many classics in the background of the news footage. So sad
Eaton Fire,notification,2025-01-17T23:05:12Z,0,Anything to make news. Making the people more miserable showing there property gone. Clowns..
Eaton Fire,notification,2025-01-17T17:59:52Z,0,Might have been a better idea to care about the people in G@z@ and less about cars ! Those cars look like a few I have seen on the news after heavy b0mbing by the Zi0s !
Eaton Fire,notification,2025-01-17T15:39:01Z,1,SKAREN BASS AND NEWSCUM  AND CRYPTO COMMIES  NEED TO BE ACCOUNTABLE FOR WHAT  THEY DONE..
Eaton Fire,notification,2025-01-17T13:21:05Z,0,This is Newsome's legacy.  May he rot in hell.
Eaton Fire,evacuation,2025-02-18T17:27:09Z,0,Those embers and 100mph disaster homes businesses in flames from eaton foothills kinneloa canyon road Roosevelt street the üê¥ horses got out with the dogs cats wildlife deer‚ù§‚ù§‚ù§
Eaton Fire,notification,2025-01-17T04:23:08Z,1,Has anyone got news on the E D I horse yard. üá¨üáß
Eaton Fire,evacuation,2025-01-15T21:14:20Z,0,"I would never leave my animals behind. The captain goes down with their ship. And if I couldn't get them out I would die trying. Also, who cares about the houses and belongings??? Evacuate the people and animals. Everything else is replaceable or atleast no where near as important as the lives at risk."
Eaton Fire,notification,2025-01-15T11:36:32Z,0,"Fire, rain or snow the news reporters will be there."
Eaton Fire,notification,2025-01-15T04:05:11Z,1,Nice job Newsome and major going to Ghana
Eaton Fire,evacuation,2025-01-12T12:34:49Z,0,"A real reporter would've heard ""There's several horses we left behind"" and would turn back and go to help, that would've not only been helpful for them blocking up evacuation paths but they would've actually had a worthwhile story to watch. Instead you get this airheaded yellow journalist going ""Omg flames, don't drive""."
Eaton Fire,evacuation,2025-01-11T21:46:26Z,10,"If you have horses, please always have spray paint to paint your phone number on your horses then set them free if you evacuate. I pray for all homeless people and animals üò¢"
Eaton Fire,notification,2025-01-29T22:43:20Z,0,AXSWATSWCASDWCSW.  4x4 25.  TV ATAT. LA HOLLYWOOD ‚ù§‚ù§‚ù§üñ•üìπüò≠üò≠üò≠üò≠üïØüíñüëóüë†üíçüíçüïØüïØüïØüíñüíñüíñ
Eaton Fire,notification,2025-01-29T22:39:58Z,0,AXDSAXSFASXSW. TV ATAT.  LA. HOLLYWOOD üò≠üò≠üò≠üò≠üïØüíçüëóüéºüíñüò≠üïØüíçüñ•üìπ
Eaton Fire,preparation,2025-01-16T03:17:51Z,0,"Wow, they seem like such nice people. God Bless Them.  Thank God they're ok. It was nice to hear what they each grabbed."
Eaton Fire,preparation,2025-01-15T22:20:13Z,1,"The story of the family in Altadena escaping the Eaton fire is truly a painful reminder of the fragility of life in the face of natural disasters. Their courage in the face of danger is commendable, but it also raises larger questions about preparedness and early warning for communities in hazardous areas. Is there a way to improve the emergency response system so that other families do not have to face such life-and-death moments?"
Eaton Fire,notification,2025-01-15T17:49:00Z,1,Just like Gavin newsome!
Eaton Fire,evacuation,2025-01-08T15:51:51Z,1,"My parents live there, I haven't talked to them yet, my Brother lives in the path of the fire... I'm sobbing and praying and asking why this is happening. I know horses that are there. Oh Lord my God please do all you can to change the winds! Protect those who are fighting the fire. Help all who are evacuating to stay calm calm calm so more people don't get hurt. 

Let's all pray for miracles."
Eaton Fire,notification,2025-01-08T11:54:58Z,1,These reporters are putting their lives on the line to report the news. Hats off them üëè
Eaton Fire,notification,2025-01-08T09:19:55Z,0,The news desk lady wanting him to not test his skills and let the house burn is wild
Eaton Fire,notification,2025-01-08T06:22:05Z,1,"We all need to ask Gavin Newsom where all the money that needs to go to mitigating the spread of these fires is going. This happens every year like clockwork, but nothing is being done."
Eaton Fire,evacuation,2025-01-08T05:45:54Z,2,This is alot im just tryna üòÆ Pray things don't get evacuated in pasad3a are the wind is blowing crazy out here already
Eaton Fire,evacuation,2025-01-08T05:43:04Z,5,We had to evacuate. It‚Äôs so scary
Eaton Fire,notification,2025-01-15T22:10:20Z,0,Watching this makes my blood boil this Newsom could‚Äôve done more for fire prevention. This is what you get when you have tree huggers in our government.
Eaton Fire,notification,2025-01-15T05:17:51Z,2,"You know seeing fire department settles you down some until you find they have no water. No water to fight the fire with how impossible is that in 100mph wind?
Newsom is trying to find out what happened and refuses to look in the mirror. How numb nuts can Newsom be. Eight years as governor and doesn‚Äôt know who runs the state of California. That guy needs medical mental help. Posser!"
Eaton Fire,notification,2025-01-08T05:15:57Z,1,"omg its really not safe for that news team to be reporting from a fire ! lmfao... its comedic like jim carreys news anchor movie, that poor girl with all that gear on.... she really wants that promotion! lol...but the fire is sad"
Eaton Fire,evacuation,2025-01-08T04:55:45Z,2,Getting ready to evacuate
Eaton Fire,evacuation,2025-01-08T04:20:57Z,35,pray for my family they‚Äôve been evacuated
Eaton Fire,notification,2025-01-16T07:15:37Z,1,"Newsom wants to remake LA for the Olympics and the world economic forum real estate developers, the High speed bullet train out in the Palisades"
Eaton Fire,notification,2025-01-19T02:58:44Z,0,"Californian‚Äôs need to RECALL Dancing Pretty ‚ÄúFishBoy‚Äù Newsom for incompetence, along with his Court Jester Liber Clown Karen Bass for insensitive incompetence, and the Liberal WOKE Fire Chief for Gross Incompetence for hiring Unqualified DEI people and firing QUALIFIED people."
Eaton Fire,notification,2025-01-08T15:18:39Z,1,Newsom has ‚ÄúTrump proofed‚Äù California so idk if these people will be getting any federal help.
Eaton Fire,notification,2025-01-08T14:40:21Z,0,"Newsom should b e in prison, no water, closing fire stations, I live in Oakland Hills where years ago was a huge firestorm that destroyed 3500 homes 
and they closed 2 stations here and plan on closing 4 more, disgusting. But he has money to support illegal migrants. Makes me sick"
Eaton Fire,notification,2025-01-08T12:50:07Z,0,"So we‚Äôre is Gov. newsome he is to blame  on why this brush fire is so out of control, why hasn‚Äôt newsome call out the national guard??? To help California residents regarding this uncontrolled fires!!! You should have had boots on the ground fighting this fire, your national guard has a lot of helo‚Äôs to help fight this fire.  This is poor management by you and only you."
Eaton Fire,evacuation,2025-01-08T11:13:22Z,1,Seems very dangerous for reporters to be so close especially when they don't have to be. They're going into areas people have evacuated from ü§î
Eaton Fire,evacuation,2025-01-08T09:53:50Z,8,"In answer to questions of how these fires start,  look to PG&E.   I see you are having power outages.   Gee high winds and trees and brush not kept clear of powerlines that break or short out is more than likely.   That is what happened here in Butte county 6 years ago starting one of the worst and deadliest , the CAMP fire that burned the city of Paradise to the ground and killed over 80 or more people.  I was working a nursing home in Chico when we got notified that they were evacuating a nursing home, a retirement home the cities hospital.   They were inquiring how many of the half dozen care homes and the main hospital  had extra beds.  The nursing home up there was evacuating out the front door as the fire was b urning the back part.  About a quarter of our own staff lived in Paradise and surrounding areas. They were put up in the local hotels nearby.   The smoke was so bad that it completely blocked out the sun."
Eaton Fire,evacuation,2025-01-08T09:50:01Z,1,Looks like the Paradise fire that destroyed an entire city.  I believe evacuation warnings will increase for all of west los Angeles
Eaton Fire,detection,2025-01-08T09:47:16Z,12,"I was almost one of the victims of this wildfire
Being asleep after a long day working hard by the time I noticed it was almost too late but luckily I was able to escape with my life and a copy of best-selling Nintendo DS game Nintendogs + Cats

Thank Jesus that I was able to save just small part of my life"
Eaton Fire,notification,2025-01-08T08:58:43Z,29,"I can‚Äôt imagine loosing everything you e worked your whole life for. Family heirlooms,framed photos,photo albums,special art,etc. Your whole life‚Äôs work up in flames! Devastating. This is the work of one person. As soon as the news reports winds are coming he gets to planning üò°üò°üòìüòì"
Eaton Fire,evacuation,2025-05-16T03:30:32Z,0,"I live in Pasadena toward the north, right up against Altadena. Sheriff came to the door said there was a mandatory evacuation. This could‚Äôve been prevented if our infrastructure was up-to-date. If politicians would start caring about their jobs and what they‚Äôre supposed to be, rather than their own money and power and control, the world would be a better place."
Eaton Fire,evacuation,2025-01-09T06:42:53Z,19,I live there and i had to evacuate and my school was on fire too
Eaton Fire,evacuation,2025-01-21T07:48:56Z,1,"These are the stories that NEED to be told!!!   Just like the ferry boats that evacuated soooo many New Yorkers during 9/11....  These people are HEROES and deserve to be recognized!!  I have worked in nursing homes with nearly 700 residents....  having to quickly and safely move them all out is an overwhelming thought.... Thank you, Bus Drivers and everyone who helped!!!!"
Eaton Fire,evacuation,2025-01-19T01:46:37Z,1,"Why would the senior homes wait to evacuate?? I'm so glad those bys drivers were courageous, showed up and saved so many people!"
Eaton Fire,notification,2025-01-18T21:50:56Z,4,"This should be on the news, not politics. People helping people. True heroes."
Eaton Fire,notification,2025-01-18T15:08:27Z,31,These are the news that should flood the media! Bravo and bless you!
Eaton Fire,evacuation,2025-01-18T12:12:58Z,0,"All senior assisted living homes and nursing homes should all be required by federal/state/city to have an emergency evacuation training program.  This includes the facilities having onsite emergency preparedness programs to have their bug out bags to include their money/jewelry, IDs, passport, medical cards,SSN card, emergency necklace or bracelet that states if they are diabetic,asthma (med condition that require to have their prescribed meds with them at all times. extra emergency prescriptions, prescription glasses, doctor/nurse contacts info, clinic and/or hospital they usually go to and address/phone#/email of their emergency contact family members.  A city bus will be provided for these facilities which will bring them to a pre-designated location such as a red cross/fema emergency shelter or another senior assisted home or nursing home or some on a diff. bus that needs to go to an actual hospital because of their highly vulnerable medical condition whereas a healthcare aide or nurse has to be nearby to check on them.  Also, if family members decides they will pick them up and bring them back to a family members home to look after during the emergency."
Eaton Fire,notification,2025-01-18T11:32:18Z,1,"Hope they get the credit, not just a news report, for what they did."
Eaton Fire,notification,2025-01-17T18:53:31Z,0,Average citizen does far more than any so called leader. newsom
Eaton Fire,evacuation,2025-01-17T17:54:26Z,0,Every facility like this one in the L.A. area needs a wildfire evacuation plan.
Eaton Fire,notification,2025-01-08T12:57:51Z,1,WHERE IS GAVIN AGENT OF CHAOS NEWSOME ON VACATION IN ANOTHER COUNTRY
Eaton Fire,notification,2025-01-29T06:57:49Z,0,Corrupt power companies yet again!!! I wonder how much they'll Newscum to not go after them like pge did.
Eaton Fire,notification,2025-01-29T06:32:44Z,0,Does the evidence even matter? Didn't Newsom put protections into place for electric companies and wildfires?
Eaton Fire,notification,2025-01-29T02:56:20Z,0,Fake news because nowhere in that video you can see or blame powerlines for that fire.
Eaton Fire,notification,2025-01-29T02:51:40Z,0,I thought they caught the newsome guy with a can full gas and a handful of matches
Eaton Fire,notification,2025-01-29T01:50:09Z,0,Still dancing around Newsome!
Eaton Fire,notification,2025-01-29T00:19:58Z,0,Looks like the power company (rate payers) will be building a lot of new homes.  May have been a good deal to vote stupid democrats into power. Lawyers will have a field say with this news.
Eaton Fire,notification,2025-01-28T22:44:07Z,0,"I'd say, based on all the comments, that fires are a known issue and the power companies will pass on the lawsuit costs to consumers.  The BIG question is then WHY would anyone stay living there?  Get out of Cali.  Seems like staying is just asking for bad things.  You people need to be more intelligent than that.  Leave Gavin's failed state.  The libs will continue to vote for people like Newsom. Get out before disasters happen."
Eaton Fire,notification,2025-01-28T22:05:17Z,0,"I've done my fair share of work on utility equipment, although i'm not blaming them due to california being corrupt as hell and Newsom and all the mayors there I wouldn't trust as far as I could throw them,  unless the equipment is stainless steel, the salt air absolutely destroys it and can cause arcing due to increased resistance on contacts. I've even seen the metal swell in the salt air and crack it's housing"
Eaton Fire,notification,2025-01-28T18:55:00Z,0,"NBC. . Gaslighting the American people for decades nothing more than a far leftist woke News channel. Wake up people,  these are the same ones telling you the boarders are secured, the economy is good, and Biden is just fine, getting lost on stage.  Just a propaganda news channel. We've seen how they are totally lieing to you"
Eaton Fire,notification,2025-01-28T09:55:55Z,0,"Brought to you by YOUR incompetent leaders. Newsom, Bass, and staff MUST resign Immediately."
Eaton Fire,notification,2025-01-17T22:57:30Z,0,That Gavin Newsom fire was bad
Eaton Fire,notification,2025-01-14T22:23:25Z,3,"Oh my God. 
My Aunts beautiful Tudor home is in this video (what's left of it). She's lived there almost 70 years...  üò¢üò¢üò¢

I miss my Uncle George (RIP) but I'm glad he didn't have to see this devastation. 

Anyone that's lived in Altadena/Pasadena for any length of time is probably familiar with my Uncle George (he was always in the local newspapers). 
He was the boys basketball coach for Pasadena High School & then Pasadena Community College. 
He's also in the Pasadena Sports Hall of Fame.

It didn't matter if it was 90¬∞.  
At Christmas when we'd gather in the living room to open presents, Uncle George would get in the Christmas Spirit! 
He'd wear a Christmas Sweater and build a fire in the fireplace (which was funny when the rest of us were wearing tank tops & shorts LOL).

I have 61 years of memories, good times & holidays spent in that house.  
I'm absolutely heartbroken.   üíî"
Eaton Fire,notification,2025-01-13T22:39:55Z,0,"Who is the guy calling this newscast? And why, even after having been gone from California, does every one of these air news guys sound like Scott Reiff?? 

Is he still the in the air reporter out there??
The 40 years I lived in California, he was indeed the voice in the air, on radio and television."
Eaton Fire,notification,2025-01-12T20:43:49Z,0,"And Gavin NewSCUM, Karen Bass, L.A. city council, and fire chief don't feel they are responsible.

Who needs ENEMIES when you have DEMONCRAT/COMMUNIST politicians in charge?

They all belong in prison for the rest of their miserable lives!"
Eaton Fire,notification,2025-01-12T09:25:52Z,0,"This should be called the Newsome destruction , he allowed this destruction to happen."
Eaton Fire,notification,2025-01-11T19:41:42Z,0,TODAY ABC NEWS IS SHOWING HOW GAZA LOOK
Eaton Fire,notification,2025-01-11T18:55:50Z,10,Newsance made 7 + mistakes that was a major contributing factor of failures he chose to make.
Eaton Fire,evacuation,2025-02-20T00:52:12Z,1,"Thanks for the update.  Glad they were lucky.  Had to evacuate where I live, and our neighborhood was spared.  ‚ù§"
Eaton Fire,notification,2025-02-11T16:45:56Z,1,"üò¢‚úùÔ∏èüôè‚úùÔ∏èüò¢ California üò¢‚úùÔ∏èüôè‚úùÔ∏èüò¢

Newsom and the other Leftist need to resign or charged with misappropriation of funds that may have prevented the fires, or at least been able to mitigate them."
Eaton Fire,notification,2025-01-28T14:06:18Z,0,That's Bush's equivalent weather mad? or mean.  Reminds me of our Queen Boss but nonnews called after it seems people ran away during an Office Attack.  They were big was comment.
Eaton Fire,evacuation,2025-01-15T15:22:01Z,19,"Not only did he get his family out, but he also went door to door on the street to warn his neighbors.  My mother lived up the street and evacuated because he came and told her to.  Her home is also gone, but at least she and her dogs are safe."
Eaton Fire,notification,2025-01-19T06:23:47Z,0,LOS ANGELES BE ON ALERT TikTok DARK comments going around seen nefarious
Eaton Fire,evacuation,2025-01-15T00:31:15Z,0,Please everyone at risk put all your important documents in one area just in case you have to evacuate
Eaton Fire,preparation,2025-01-13T06:29:44Z,2,"Please have what you need on you for 1-3 days. Most of the time you won't use it but if you need it you'll be so so grateful. 

What I keep in my diaper bag
Power box
Wall plug in
Charger cord X2
Geiger counter 
Camping spork
Knife (with window punch and seat belt cutter) 
Hair brush (with mirror) 
Sun screen
Lip balm
Hand sanitizer
Water bottle 
Walkie talkie (with noaa radio and flash light)
Tweezers (medical)
Dog walking flashlight with doggie bags
Beach towel 
Wallet 
First aid kit( bleed stop, bandaid, medical tape, medical scissors, steri strips, mole skin) 
Med kit( bentonite clay, healing salve, breathing salve, teething medicine, belladonna, arnica, eye drops, activitied charcoal, oil of oregano, Tylenol, Advil, peroxide, honey, burn cream, cough drops, electrolyte drink) 
Water filter 
Frog toggs (or hand warmers depending on season) 
Hygiene kit (Castile soap, conditioner, deodorant, tooth brush, toothpaste, qtips, tweezers, nail clippers) 
Wipes 
Granola bars
Kids activities 
Arch support
Pads
Sewing kit
Pen
Potassium iodide drops 
Swimming Moby wrap
Gallon zip lock bag (wash clothes) 
Packing cube (clothing storage) 
Small dirty clothes bag
Whistle"
Eaton Fire,notification,2025-01-12T21:08:41Z,2,Fake news
Eaton Fire,preparation,2025-01-12T16:15:03Z,0,World it just a testing that will taking you between heaven or hell in eternal life and i just remind you all that end of time is near prepared with do charity because you have obligation to God for you goodness in eternal life..
Eaton Fire,notification,2025-01-21T08:27:11Z,0,"For all of you who are heartbroken. Ask yourself this question: Who stands to gain from the misery of this disaster. And, who helped create it in the first place? State Farm, The Wonderful Co, Nestle, PG&E, Gavin Newsome and Karen Bass are your starting suspects. Go from there."
Eaton Fire,notification,2025-01-19T15:48:08Z,0,Please open a GoFundMe officer! You deserved our help! The news are so cold don't share even the basic information. üò¢
Eaton Fire,notification,2025-01-16T23:50:39Z,0,Only vote democrat. Not on substance but just petty lines you get what you voted for. Trust me Newsome is much better off than you are
Eaton Fire,notification,2025-01-16T21:51:41Z,0,"This is so heartbreaking! And I‚Äôm willing to bet they had their fire insurance canceled too like everybody else! I think the companies that canceled fire insurance in California should be sued for every penny that they have! And newsom has to pay for all of this, every bit of this is his fault and he knows it‚Äôs his fault! He should be in prison!!"
Eaton Fire,notification,2025-01-16T20:59:07Z,0,"NEWSOME OR BASS
YOU ARE FIRED"
Eaton Fire,notification,2025-01-16T20:33:02Z,0,"Times are a changing people, wake up, it's the people for the people no more elected morons like the douch bag newsom and your fucked up mayor black bass who left the country vote red"
Eaton Fire,notification,2025-01-22T00:51:30Z,0,When will Newsom pay for his mistakes? When will Newsom and bass resign?
Eaton Fire,notification,2025-01-18T18:26:34Z,0,This was set intentionally and no big trees! How can a fires start and do all this! It is plan 2.50 by newscum
Eaton Fire,notification,2025-01-17T11:04:24Z,1,üòÇüòÇüòÇüòÇüòÇüòÇ BET THEY VOTING FOR GAVIN NEWSCUM
Eaton Fire,notification,2025-01-16T15:43:37Z,6,"Does anyone know of the people that worked on the TV show Red Shoes Diaries filmed in LA in the 90s?
Specifically I need to find the name of the extra actress on the episode ""Hotline"", the blonde girl with a white long sleeve shirt in a scene and a polka dot dress in another. Her pictures are on IMDB episode page and tthe episode is on youtube too.
She is now 55 and I need to know if she is doing well."
Eaton Fire,notification,2025-01-15T11:44:26Z,0,"Of course, the advanced technology, the wireless we use, the wifi, the internet, the online systems the radio actives, . . . all are connected with fires. We should not be too far from the real world."
Eaton Fire,evacuation,2025-01-12T23:51:31Z,11,When you evacuate you do just that. No time to load anything.
Eaton Fire,notification,2025-01-10T21:56:05Z,1,"Gavin newsom's career has gone up and smoke, it makes it all worthwhile considering the damage he could do to America"
Palisades Fire,notification,2025-11-04T14:00:32Z,1,"I used to like visiting California. Since he collective intelligence of the masses vote in bass and newsome, it terrifies me to see what they are capable of doing. Replacing beautiful homes with low income housing for all the drug addicts. Nice going liberals"
Palisades Fire,notification,2025-01-12T01:11:15Z,1,I had no idea Sebastian Vettel reported for American news.
Palisades Fire,evacuation,2025-01-10T03:57:06Z,0,What is scary about these fires is the wind. It spreads so fast then the traffic is gridlocked and you can't get out. I feel for my CA neighbors!‚ù§
Palisades Fire,notification,2025-01-09T03:33:05Z,1,"All on Newscum and the commie CA liberal POS state Govt , done on purpose to destroy the pedafile evidence in the Hollywood hills"
Palisades Fire,notification,2025-01-08T12:09:16Z,0,"Sanctuary State, rest of the Country could care less. Your on your own, cry to newscum."
Palisades Fire,preparation,2025-01-08T10:49:21Z,4,"Be Prepared, Not Scared!  Have car ready and packed with necessary items, meds, pets, documents, first aid kit, water, food etc"
Palisades Fire,evacuation,2025-01-08T08:04:37Z,2,"Between the illegals, droughts, taxes, traffic, retail theft, earthquakes, crime, gas prices, homeless, drug addicts and fires - if you still live in California you are fucked ü§∑‚Äç‚ôÇÔ∏è"
Palisades Fire,evacuation,2025-01-08T07:33:55Z,28,My Friends dad saved his house by hiding in it when they evacuated the neighborhood and hosing down his house all night from the roof down. His house was the only one  standing on his block . We were trying to help him but highway patrol wouldnt let us into the area. This was the Northen California Lake county fires a few years ago.
Palisades Fire,notification,2025-01-08T07:19:54Z,2,"This should be local news,l'm in Va and never see this we all woods. CA don't let you clear. Home prices done went up so high someone else just  want the land"
Palisades Fire,notification,2025-01-08T06:41:08Z,0,And Gavin Newsom is not building infrastructure to save free water mother nature provides. Pot holes everywhere. He plans on a $.65/per gallon gas too. Anyone know where the $85 BILLION went for the drug/homeless? Guess.
Palisades Fire,notification,2025-11-01T22:15:34Z,0,"WHY DONT THE PEOPLE OF CALIFORNIA RISE UP AND DEMAND BOTH NEWSUM AND BASS BE REMOVED AND CHARGED CRIMINALLY?!! Why are they just sitting around and doing nothing?!!! THEY NEED TO RISE UP AND GET VOCAL OR NOTHING WILL BE DONE!! All Americans will back them up and give them whatever support necessary but they must make the first step! This was a land grab done by criminals. The criminals in queston are Newsum, Bass, and Associates. FACTS. ALL ABLE TO BE PROVED."
Palisades Fire,notification,2025-01-23T20:00:58Z,1,Shane on Bass and NewsomüòÇ
Palisades Fire,detection,2025-01-14T23:48:00Z,1,Did anyone noticed the trees are not burn!
Palisades Fire,preparation,2025-01-12T21:49:23Z,0,If they had prepared AND HAD RESOURCES NOT CUT OFF this never would have GROWN TO THIS EXTENT.
Palisades Fire,evacuation,2025-01-12T00:16:02Z,1,"Newsom has utterly failed to protect Californians from the ever-worsening wildfire crisis. Year after year, communities are decimated while Newsom pours billions into ridiculous vanity projects‚Äîlike the bullet train to nowhere‚Äîinstead of addressing the very real and urgent safety needs of the people he‚Äôs supposed to serve. While he chases headlines, Californians are left with nothing but ashes and shattered lives.

Practical solutions‚Äîlike widening fire roads to ensure safer evacuations and creating temporary refuge areas for displaced families‚Äîhave been sitting on the table for decades. Decades. And what has Newsom done? Nothing. His inaction, despite over 25 years of clear warnings, is not just negligent; it‚Äôs outright disgraceful.

Even worse, critical public safety funding continues to be deprioritized. Seven months before the uncontrolled Palisades Fire in Los Angeles, the city's fire department budget for this fiscal year was slashed by more than $17.5 million, according to records. Instead of strengthening frontline defenses, resources are being diverted elsewhere. Mayor Karen Bass, in signing the City of Los Angeles' budget for the 2024-2025 fiscal year, further highlighted how misplaced priorities are contributing to the wildfire crisis.

To the families who have lost everything‚Äîyour homes, your loved ones, your futures‚Äîyou deserve leaders who actually care about your survival, not ones obsessed with their political legacy. Newsom‚Äôs empty promises and grossly misplaced priorities show a staggering disregard for the very people he was elected to protect.

Governor Newsom, your failure is killing people. Californians are dying, and you‚Äôre too busy grandstanding to do anything meaningful. Stop ignoring basic common sense. Stop wasting time and resources on pipe dreams. Start doing your job‚Äîor step aside for someone who will. FK I can do a better job! Enough is enough."
Palisades Fire,notification,2025-01-11T20:41:28Z,0,"Where is Gavin Newsome ???
He's been hiding since the beginning of the fire !!!"
Palisades Fire,notification,2025-01-11T13:12:37Z,0,Newsome Revenge?
Palisades Fire,notification,2025-01-15T05:55:41Z,0,RECALL NEWSOME AND THE MAYOR. THIS IS REDICULOUS. NO WATER IN THE FIRE HYDRANTS? COME ON! RESIGN.
Palisades Fire,notification,2025-01-14T15:20:34Z,0,"Southern California is a DESERT: ALWAYS HAS BEEN. Never was suitable for mass population density.
It was reported on LIVE t.v., Fox News on Tuesday before it got catastrophic inferno status THAT THE FIRE WAS CAUSED BY A BACKYARD FIRE IN THE MIDDLE OF PALISADES NEIGHBORHOOD by 'accident' on Tuesday when the winds began. It was fact-ed by a call to 911 to report the fire. Could be these teens?
 This was caused by privileged ignorance and greed. Truth."
Palisades Fire,notification,2025-01-09T07:40:57Z,0,"""100% out of control"" is another Fox ""news"" lie. They like to make people afraid."
Palisades Fire,notification,2025-01-09T06:24:38Z,0,They should arrest Gavin Newscum for negligence and incompetence. He has ruined California.
Palisades Fire,evacuation,2025-01-09T00:20:59Z,0,Okay so I'm confused people have money to have those big old houses looking over that beautiful scenery in LA but they don't have money to make themselves like a safe place on the ground like a bunker like what people do in the Midwest for tornadoes you have money to buy those expensive cars living in expensive house but you don't have an evacuation plan?
Palisades Fire,evacuation,2025-01-08T18:56:24Z,0,"My friend said he might not evacuate, he‚Äôd stay and try to save his house. I think he‚Äôs nuts. Houses are replaceable. I‚Äôd grab my pets and bail ASAP."
Palisades Fire,notification,2025-01-15T04:25:43Z,2,"Hell itself can't look much different than this.

Nero fiddled while Rome burned.
Newsom fiddled while California burned."
Palisades Fire,notification,2025-01-15T01:07:13Z,0,"Trump blames Governor Newsom for the WILDFIRES.  YEP, NEWSOM CAN CONTROL ALL WEATHERS. üò¢"
Palisades Fire,notification,2025-01-14T03:23:41Z,0,"This is Biblical.  Insurance companies will declare bankruptcy. Civil suits will decimate the treasury of California.  Gavin ""the surfer"" Newsom's political career is over."
Palisades Fire,preparation,2025-01-14T02:58:11Z,3,Damn wtf they should have been better prepared to fight a fire of this magnitude
Palisades Fire,notification,2025-01-13T23:23:45Z,9,Why is the news not showing how mexico is offering help and sending firefighters to help  and combat the fires‚ù§Ô∏èüôèüèΩ to fight a battle that isnt theirs. God bless üá≤üáΩ mexico
Palisades Fire,preparation,2025-01-13T22:22:24Z,8,good thing they are all about environment.........all the ev's in the world won't make up for the mismanagement of forests and lack of preparedness for these fires...
Palisades Fire,notification,2025-02-04T08:45:30Z,0,why ?. Kenapa ?. hanya video ini saja. tidak ditayangkan di berita kebakaran di tv ?.
Palisades Fire,notification,2025-01-28T05:31:27Z,0,Like Governor newsom said he's going to get with the governor of Hawaii and start selling property and he was dancing he was happy why was he getting some of that money.. is that was going to happen to the Pacific Palisades. And the rest!
Palisades Fire,notification,2025-01-19T23:30:31Z,0,You‚Äôre looking at the creation by Gavin Newsome and Karen Bass you people in Ca. need to vote these people out. They are of the highest level of radical you can get. Now Black Rock is offering to buy up every piece of property that will sell this was almost like it was planned. Ca. is nothing like it used to be. People need to wake up this all could have been avoided.
Palisades Fire,notification,2025-01-16T02:33:32Z,11,Newsom and Bass California's finest
Palisades Fire,notification,2025-01-13T12:25:46Z,0,"Well, Biden just allocated billions to rebuild LA, the WEF 15 min cities supper tall Chinese apartment complex all gated communities, so you know locked down for emergency public safety. Yeah, it works well for Chinese CCP. The mass demolition fire worked, amazing, the new building codes were announced, and the world Economic Forum also announced, your going to get a new Olympic stadium to boot. Biden has just released billions of dollars to the WEF for the new build back better program. But the Biden and Gavin Newsome administration wanted to assure you that it was a wild fire that caught LA at a bad time. But they got you homeless people, you're getting a new apartment."
Palisades Fire,notification,2025-01-12T22:17:49Z,14,It's sickening when I see Newsome smiling.  He got his wish to plant more trees.
Palisades Fire,notification,2025-01-12T22:11:55Z,0,This is a land grab. They will rezone all this and Newsome and Pelosi et al will rebuild with apartments...smart cities.
Palisades Fire,notification,2025-01-12T22:00:39Z,7,Thank newsome and his smelts
Palisades Fire,notification,2025-01-12T19:31:17Z,18,Newsom 4 Prison 2028
Palisades Fire,notification,2025-01-12T18:00:12Z,0,Great job preventing this Newsome should be out immediately They knew these winds were coming and they did nothing Stupid California
Palisades Fire,evacuation,2025-01-10T20:19:31Z,13,"Sending My Prayers for Everyone's Safety living in All the affected Areas of LA, Los Angeles California, the Palisades, Hollywood Hills, Malibu, Pasadena, Studio City, and all other nearby places...
Prayers for their Safety...
And Well-Being...
Please EVACUATE IMMEDIATELY if you live in those  Emergency EVACUATION affected areas.
Praying for ALL the FIRE FIGHTERS, FIRST RESPONDERS, POLICE, EMERGENCY RESCUE RESPONDERS, and VOLUNTEERS..."
Palisades Fire,notification,2025-05-13T06:23:53Z,0,And they still vote for Gavin Let-It-Burn Newsom.
Palisades Fire,detection,2025-04-02T10:23:24Z,0,"It is not simply enough to say, Oh we can build this back again, when it is gone forever. Even after ALL the new builds are completed, this will never be the place that it once was with so much history lost. If this is the way of progress then the days of my youth are truly dissapeared forever. I sit and listen to Bob Segar sing Hollywood Nights and weep. I weep not because it could never have been this way but because they made it happen and still they have no shame, no guilt and no care for what they are fully culpable for and some believe as I do that it was also fully planned and fully intentional even though it run its own unstoppable course. 
She took his hand, and she led him along that golden beach
They watched the waves tumble over the sand
They drove for miles and miles up those twisting turning roads
Higher and higher and higher they climbed. 
Night after night, day after day, it went on and on
Then came that morning, he woke up alone
He spent all night staring down at the lights of L.A.
Wondering if he could ever go home.................Well not now he can't"
Palisades Fire,notification,2025-03-29T10:25:18Z,0,Do not censor this video. Show this video. Thumbs up. News footage for history Thanksgiving 1986.
Palisades Fire,notification,2025-01-15T16:05:15Z,0,Bro the first ram FD has the sirens so quite right at the beginning of the video
Palisades Fire,evacuation,2025-01-14T22:02:15Z,1,"Given the conditions they were confronted with there wasn't a damn thing they could do but evacuate people. That much wind and dry brush, nothing would have stopped that monster"
Palisades Fire,notification,2025-01-14T09:03:16Z,1,Just a thought‚Ä¶cops sure seem to like using their emergency lights and sirens in California‚Ä¶.we got us a convoy!
Palisades Fire,notification,2025-01-14T01:41:02Z,3,At. 5:30 I wonder what siren that is our county EMS agency medic supervisor command suv have that siren.
Palisades Fire,evacuation,2025-01-13T21:43:06Z,1,"There were hardly any trucks until hours after it started.  The ones that finally did show up  way later in the afternoon, they were telling residents they had no water and to just evacuate ASAP."
Palisades Fire,detection,2025-01-21T02:08:41Z,1,"Houses built of wood will burn down ive noticed where stine wals and irin railings remain when everything else is destroyed. Any new building should use materials that won't burn so readily. Or build walls to act as barriers though with climate being tge main factor I know, I'd not want to live there just turnvinto a great national park  for flora and fauna."
Palisades Fire,notification,2025-01-19T01:18:23Z,1,This was predicted to happen yet Newson's government failed to prepare for it much less the mayor. I read somewhere that the fire started from a downed electrical wire that was not de-energised.  Also it was not climate that caused it it was a fluke weather event form a high to the north and a low to the south that combined to created the hurricane like winds.
Palisades Fire,notification,2025-01-18T13:02:25Z,0,It‚Äôs arson and Newsome belongs in prison
Palisades Fire,notification,2025-01-17T15:56:54Z,0,Full update news https://youtu.be/7_LVxanJ9Fo?si=t-pJNokRIpTvdS4p
Palisades Fire,notification,2025-01-17T15:55:27Z,0,https://youtu.be/7_LVxanJ9Fo?si=t-pJNokRIpTvdS4p
Palisades Fire,notification,2025-01-17T15:52:25Z,2,"It's blood-boiling to think about the person who started the fire, playing with a box of matches or God knows what !! üî•üò°üò°üò°
Thanks for uploading! You did a better job than most TV channels! üôèüëç"
Eaton Fire,notification,2025-01-17T07:15:55Z,0,"Why is everything focused on the Palisades fire? Yes it burned more acres, but the Eaton fire destroyed more structures, killed more people, and impacted more people. It should be the focus of the news."
Palisades Fire,notification,2025-01-17T06:15:54Z,1,"....and CA voters will STILL ALL vote for Newsom and the 'WOKE' Democrats.
One just has to shake one's head.
They are totally brainwashed.
Unbelievable."
Palisades Fire,preparation,2025-01-17T05:45:21Z,2,i just can‚Äôt help but keep shaking my head and saying ‚Äúdamn‚Äù this is so sad and i am not a religious person. more of a spiritual person but this feels almost biblical with the devastation that was done. üò¢ absolutely insane that they weren‚Äôt prepared or responded accordingly.
Palisades Fire,notification,2025-01-17T04:28:06Z,2,Throw newsome and bass in jail ü§¨
Palisades Fire,notification,2025-07-06T16:21:02Z,0,Remember this: Gavin Newsom and LA mayor Karen Bass could've prevented this months if not years ago but they continue to put more funding into useless social programs and DEI hiring. And Democrats want Newsom to run for president in 2028 ü§¶‚Äç‚ôÇÔ∏èü§¶‚Äç‚ôÇÔ∏èü§¶‚Äç‚ôÇÔ∏è that clown can't even protect Californians. How is he going to run the country? Like a communist.
Palisades Fire,notification,2025-01-10T03:08:22Z,9,They keep saying this is the most destructive fire in LA history but it looks to me like it‚Äôs the most destructive in US history. I heard on the news earlier today that they estimate that 9000 houses have burned so far. I‚Äôve never heard of another fire in the US burning that many houses.
Palisades Fire,evacuation,2025-01-10T02:33:43Z,0,I've been through a few fires and have been evacuated before.  But this has blown my mind.
Palisades Fire,notification,2025-01-10T01:46:44Z,0,"ROME BURNS while NERO FIDDLE with his Court Jester by his side... can you spell ""RECALL""?... NEWSOM is tone deaf to his own MISTAKES... Save the FISH..."
Palisades Fire,notification,2025-02-07T03:30:53Z,2,How can California vote for such incompetent mayors and governors to control them such as assmouth bass and newsom? How many more must die because of them?
Palisades Fire,preparation,2025-02-04T23:51:15Z,0,Some people need to go to jail for lack of preparedness. No fault at all to the very brave and professional firefighters üëç. Thank you for being there to try and fight against such odds.üôèüèº
Palisades Fire,notification,2025-01-27T06:35:45Z,1,Well. That was the plan.  Inside job. Newsom shows a new plan's for Olympic city. They did it.
Palisades Fire,notification,2025-01-24T04:09:26Z,1,Thank you Gavin Newscum.
Palisades Fire,notification,2025-01-24T03:01:45Z,0,This is just heartbreaking. Why hasn‚Äôt Newscum called upon any and all states to come and help?! I just don‚Äôt understand why he isn‚Äôt allowing more help. So many of us r just waiting for the call to come and help and it just doesn‚Äôt happen üòû
Palisades Fire,notification,2025-01-23T15:18:27Z,0,"Why are people praising Newsom? Hes been warned for years to clean the Dead trees & underbrush or this wld happen. I live in AZ, we have half ass forest management and still avoid ridiculous fires like this plus there is Not one other state on the west coast üò¢that deals with this. You dont let your shrubs overgrow or leave dead plants piling up in your yard so why do it on a massive scale."
Palisades Fire,evacuation,2025-01-27T06:59:42Z,0,Miracle that all humans got out...wow. I dont want to know about all the pets that weren't able to get out. I know everyone did what they could. üò¢
Palisades Fire,evacuation,2025-01-26T21:34:01Z,0,"My wildfire was worse. We had more human tragedy than they have, but we couldn't go on night time television and cry about it. Instead we developed the policies and procedures for evacuation and firefighting techniques that everybody uses now. We have never been given credit or recognition for what we have done, but we have chosen to be humble, generous and quiet about it instead. in my town, we hope for a speedy recovery in this area, rebuilding is the hard part. Everybody will survive and hopefully with an attitude adjustment."
Palisades Fire,notification,2025-01-26T03:55:20Z,0,NEWSCUM  AND HIS MARXIST BUDDIES WILL BUY THE REAL-ESTATE OBVIOUSLY
Palisades Fire,notification,2025-01-24T11:50:08Z,0,Bien veamos que las azeguradoras cuentan con un exelente Cuerpo de investigadores y es de suma importamcia para la compania de azeguradoras y su dictamen sobre las extructuras que fueron canceladas sus polizas es por estar en Graves riesgos tanto como como de terremotos y incendios y estan alertando ha la Comunidad de que deben habandonar sus Casas por estar al 100 de un peligro latente y como vemos sus moradores no tomaron nada en serio dejaron que todo llegara asi repentinamente y es muy dificil tener que habandonar la casa y vemos que las polizas hace un Ano dejaron de azegurar y vemos ahora lo que quedo solo zenizas y hierros retorcidos ya vemos lo que paso en las Islas de mua mua asi tambien tenia que pasar en las Costas de CA EEUU y ahora no hay nada que se pueda hacer solo tener fe y esperanzas en empezar de nueva cuenta oraciones bendiciones Paz en sus corazones amor y Salud
Palisades Fire,notification,2025-01-12T05:39:26Z,2,Thank you newsom üéâ
Palisades Fire,notification,2025-01-12T01:56:19Z,0,"NEWSCUM YOUR PRESIDENTIAL ASPIRATIONS, JUST WENT UP IN SMOKE !!!!   üòäüòäüòäüòä"
Palisades Fire,notification,2025-01-12T01:55:37Z,0,let's see a show of hands that voted for newscum and that mayor let's üòÇüòÇüòÇüòÇ
Palisades Fire,notification,2025-01-12T01:07:36Z,7,Let's be clear hear....Not everyone VOTED for Newsom or Biden or Kamala or Obama or none of them  But we had to follow the idiots that did...
Palisades Fire,notification,2025-10-11T01:20:02Z,0,As it turns out it was a white liberal who could have actually been Gavin Newsom's son who started this fire. Like all liberals he hated Donald Trump. Like all liberals he said that climate change was the cause for everything. Filled with hate for law and order. That's who burned your houses to the ground.
Eaton Fire,notification,2025-07-25T06:16:40Z,0,Reports in July 2025 indicated that¬†$100 million was raised through the FireAid benefit concert and matching donations for relief efforts related to the January 2025 Palisades and Eaton wildfires in Los Angeles County.¬†ask your governor Gavin Newsom or INVESTIGATE üî•
Palisades Fire,notification,2025-01-17T16:34:45Z,0,"Very sad news for all of us but as 
A wise perspective! Indeed, calamities and misfortunes can serve as a wake-up call, guiding individuals toward the right path. The Quran mentions that Allah sends trials and tribulations to test humanity's faith and righteousness.

The ongoing wildfires in LA, and other natural disasters, can be seen as a reminder of Allah's power and authority. They encourage us to reevaluate our priorities, seek forgiveness, and strive for righteousness.
so these events can be a source of guidance for those who have neglected the true path. Allah's mercy and forgiveness are always available, and it's never too late to seek redemption and follow the path of righteousness.

May these trials serve as a catalyst for spiritual growth, and may Allah guide us all toward the right path. Ameen!"
Palisades Fire,evacuation,2025-01-23T21:32:34Z,0,"I‚Äôd still evacuate tho‚Ä¶ There could always be an unforeseen occurrence, and if 100% of the land around u is on fire then ur screwed üò¨"
Palisades Fire,notification,2025-01-23T20:20:05Z,0,"YES TO MAKE SURE THIS NEVER HAPPENS AGAIN GET RID OF NEWSCUM AND KAREN THE INCOMPETENT DUO!! AND SCUM CONT TO DO NOTHING HE WAS TOLD..WHY??  BUILDING A NEW CA AT YOUR EXPENSE? HAD TP LOSE EVERYTHING INCLUDING LIFE?? TY PRESIDENT TRUMP FOR IMPEACHING ""NEWSOM"" THAT IS PHENOMENAL!! BEST DECISION OUR PRESIDENT TRUMP MADE TO HELP THE CA RESIDENTS..GET RID OF THE PROBLEM!! HOLD HIM ACCOUNTABLE AND MAKE HIM COUGH UP THE BILLIONS..OR YEAH HE HAS A 9 MILLION DOLLAR ABODE!! CA DONT EVER FORGET WHAT YOU HAVE BEEN THRU AND WHO IS THE CAUSE.."
Palisades Fire,evacuation,2025-01-23T00:35:42Z,0,"Well, they look the part. Glad their home survived but the next 5-10 years will be unbearable to live there. Non stop traffic and construction? No thanks."
Palisades Fire,notification,2025-01-23T00:27:37Z,0,Great news i will say this fire was not a normal forest fire that burns whats in front of it as fuel. This fire storm was fueled by winds and the burning ember's rained down on a very large area like raining fire and blowing it with a leaf blower .
Palisades Fire,notification,2025-01-22T05:05:12Z,0,"That‚Äôs what‚Äôs up!! üëç they should be required to use that type of material in California now.  Since they don‚Äôt want to ensure people. People can take their power back like they did.  It didn‚Äôt quite work out for Governor Newson, that that house is still standing. I‚Äôm wondering if he‚Äôs going to try and buy them out.  Sad to say."
Palisades Fire,notification,2025-01-22T02:16:42Z,0,"Now, the problem is that so few homes survived and Newsome is making plans/holding meetings to offer these properties to wealthy investors and developers, cutting the homeowners out of the rebuilding program altogether."
Eaton Fire,notification,2026-01-01T15:56:25Z,0,The same happened to another that called 911. What about the firefighters that just stood around watching the fire burn. Or the people using the DEWs. Newsom and Bass know who burned down Palisades and Altadena.
Palisades Fire,evacuation,2025-05-28T13:24:41Z,0,If you listen to the total video two of their friends said they actually started it and it got out of control that quick. Of course as they watch it grow how come they did not call 911 for the fire department. They did it for video hits.
Palisades Fire,detection,2025-01-27T04:51:02Z,0,"I feel guilty too by not calling 911 as soon as I noticed the fire shortly after 10 am that day :( I watched it from a rooftop down in Marina del Rey but the smoke was so small I thought that it wasn't a big deal, they'd put it out quick, the winds weren't that strong yet...how wrong I was :( but who calls 911 when watching something happening from 10 miles away.."
Palisades Fire,evacuation,2025-01-14T18:16:53Z,5,"The situation of the city called ""Pacific Palisades"" near Los Angeles, the capital of the state of California, which is said to be a beautiful paradise where millionaires and Hollywood actors and actresses lived, is now in chaos.  

Resorts, hotels, star restaurants, shopping centers, markets, entertainment centers, bars, parks, lawns, the beauty of trees, plants and vines are all charred and melted. 

Business and industry have all come to a standstill. People have also evacuated the town.

Henceforth, no matter how many billions the US government spends and rebuilds that city, it is doubtful whether people will be able to go to that city and live with the warmth of nature and its protection !!! 

Even if the lands and properties costing crores are now available for free, the people will no longer want to live there.  They have seen the fury and terror of nature. 

A human being like a mosquito can't give any guarantee that something like this would not happen again in the future.  üòÆüò¢üòÆ"
Palisades Fire,notification,2025-01-10T01:26:48Z,6,No worries newsom has plenty of water for his vineyards
Palisades Fire,notification,2025-01-09T19:28:09Z,0,Illegals will be the only ones Newscum helps.
Palisades Fire,evacuation,2025-01-09T16:04:33Z,0,"Can‚Äôt stand people with their phones out I don‚Äôt know what it is with this world. All these reporters are not helping. They‚Äôre just a bunch of trash in the way, not helping in anyway whatsoever by updating us that there‚Äôs a fire and people have been evacuated everything‚Äôs burning down. I hope Trump passes a bill where if you record something instead of assisting or minding your own business you go to jail."
Palisades Fire,evacuation,2025-01-09T00:45:15Z,5,They waited too long to evacuate
Palisades Fire,notification,2025-01-08T23:44:11Z,0,"Governor Gavin Newscum refused to sign the water restoration declaration put before him that would have allowed millions of gallons of water, from excess rain and snow melt from the North, to flow daily into many parts of California, including the areas that are currently burning in a virtually apocalyptic way. He wanted to protect an essentially worthless fish called a smelt, by giving it less water (it didn‚Äôt work!), but didn‚Äôt care about the people of California. Now the ultimate price is being paid. I will demand that this incompetent governor allow beautiful, clean, fresh water to FLOW INTO CALIFORNIA! He is the blame for this. On top of it all, no water for fire hydrants, not firefighting planes. A true disaster!"
Palisades Fire,notification,2025-01-10T01:26:48Z,6,No worries newsom has plenty of water for his vineyards
Palisades Fire,notification,2025-01-09T19:28:09Z,0,Illegals will be the only ones Newscum helps.
Palisades Fire,evacuation,2025-01-09T16:04:33Z,0,"Can‚Äôt stand people with their phones out I don‚Äôt know what it is with this world. All these reporters are not helping. They‚Äôre just a bunch of trash in the way, not helping in anyway whatsoever by updating us that there‚Äôs a fire and people have been evacuated everything‚Äôs burning down. I hope Trump passes a bill where if you record something instead of assisting or minding your own business you go to jail."
Palisades Fire,evacuation,2025-01-09T00:45:15Z,5,They waited too long to evacuate
Palisades Fire,notification,2025-01-08T23:44:11Z,0,"Governor Gavin Newscum refused to sign the water restoration declaration put before him that would have allowed millions of gallons of water, from excess rain and snow melt from the North, to flow daily into many parts of California, including the areas that are currently burning in a virtually apocalyptic way. He wanted to protect an essentially worthless fish called a smelt, by giving it less water (it didn‚Äôt work!), but didn‚Äôt care about the people of California. Now the ultimate price is being paid. I will demand that this incompetent governor allow beautiful, clean, fresh water to FLOW INTO CALIFORNIA! He is the blame for this. On top of it all, no water for fire hydrants, not firefighting planes. A true disaster!"
Palisades Fire,notification,2025-02-04T08:45:30Z,0,why ?. Kenapa ?. hanya video ini saja. tidak ditayangkan di berita kebakaran di tv ?.
Palisades Fire,notification,2025-01-28T05:31:27Z,0,Like Governor newsom said he's going to get with the governor of Hawaii and start selling property and he was dancing he was happy why was he getting some of that money.. is that was going to happen to the Pacific Palisades. And the rest!
Palisades Fire,evacuation,2025-01-07T23:51:05Z,8,Thank God my son is not in school because he would have to be evacuated right now. This is scary and I‚Äôm praying for his classmates and families and hope they have evacuated.
Palisades Fire,notification,2025-01-07T23:50:23Z,2,"California hell‚Ä¶.but do not worry, evil Gavin Newson is ok and safe"
Palisades Fire,notification,2025-01-07T23:46:30Z,9,"Meanwhile, Gavin Newsom & Ping are licking their' chops!"
Palisades Fire,notification,2025-01-07T23:30:23Z,0,Can't believe newsome hasn't banned fires. They pollute way more than vehicles that burn fuel ever will..well besides the pollution he spews out of his mouth.
Palisades Fire,notification,2025-11-12T07:27:28Z,0,Shame on you! I thought it was happening all over again! Please don't post old news!
Palisades Fire,notification,2025-01-10T13:20:04Z,0,newscumbassass. Lying Lefty liberals
Palisades Fire,evacuation,2025-01-09T17:18:56Z,0,Have your 6 Ps of Evacuation ready folks.
Palisades Fire,notification,2025-01-09T01:58:57Z,0,"KARMA

High winds spreads the inferno in rich white communities turning homes into ash.
No water.
Insurance companies turn their backs.
Gavin Newsom got a smile on his face.
Let all that sink in.
 
I don‚Äôt care what yall say about my comment 
KMBAüñïüèæüñïüèæ"
Palisades Fire,notification,2025-01-09T00:48:51Z,0,Newsomes fault.
Palisades Fire,notification,2025-01-28T16:19:42Z,0,"All of california can thank trump, because gavin newscum can't get nothing done"
Palisades Fire,notification,2025-01-28T16:01:43Z,0,What did newscum do with all the federal money that he received!  Oh but they wanted EVERYBODY to drive electric cars!  WTF?
Palisades Fire,notification,2025-01-28T15:51:29Z,0,I think you have a Newsome in California and the mayor of that city should have to rebuild that for everybody I mean so much could have been saved if they only would have had water
Palisades Fire,detection,2025-01-28T15:50:43Z,0,Gavin woke up in a nice warm bed with a fully intact house and he could give no cares.
Palisades Fire,notification,2025-01-28T13:37:01Z,0,"Dont worry, Newsome and the rich people he idolizes will make you a fair offer of pennies on the dollar for all that property. You're welcome."
Palisades Fire,notification,2025-01-28T12:54:29Z,0,Nice they can finally access their property- thank Trump because extremist Gavin Newsome had plans for your property. But mighty convenient that so many insurance companies made insurance unaffordable right before the fires. Hmm. Where there is smoke there is fire. I hope they find that ‚Äúfire‚Äù.
Palisades Fire,notification,2025-01-28T11:51:01Z,0,Gov. Newsom was pushing electric vehicles.  Oops.   Now he has created a health hazard.
Palisades Fire,notification,2025-01-28T10:56:56Z,2,Excellent news. Pacific Palisades neighborhood residents have to be careful out there. Still thoughts & prayers üôè are ascending.
Palisades Fire,evacuation,2025-01-28T10:44:46Z,1,"Goverment: Alright people the evacuation has been lifted, ya'll can head back home now.

Residents : üòëüñïüèº"
Palisades Fire,preparation,2025-01-28T10:39:27Z,46,Finally! If they were truly worried about people‚Äôs safety they would‚Äôve spent more $ and been more prepared to prevent or mitigate this disaster!
Palisades Fire,notification,2025-01-28T10:31:32Z,27,This is ridiculous. The people need to vote out karen bass and Newsom. For the utter incompetence alone.
Palisades Fire,detection,2025-01-21T02:08:41Z,1,"Houses built of wood will burn down ive noticed where stine wals and irin railings remain when everything else is destroyed. Any new building should use materials that won't burn so readily. Or build walls to act as barriers though with climate being tge main factor I know, I'd not want to live there just turnvinto a great national park  for flora and fauna."
Palisades Fire,notification,2025-01-19T01:18:23Z,1,This was predicted to happen yet Newson's government failed to prepare for it much less the mayor. I read somewhere that the fire started from a downed electrical wire that was not de-energised.  Also it was not climate that caused it it was a fluke weather event form a high to the north and a low to the south that combined to created the hurricane like winds.
Palisades Fire,notification,2025-01-18T13:02:25Z,0,It‚Äôs arson and Newsome belongs in prison
Palisades Fire,notification,2025-01-17T15:56:54Z,0,Full update news https://youtu.be/7_LVxanJ9Fo?si=t-pJNokRIpTvdS4p
Palisades Fire,notification,2025-01-17T15:55:27Z,0,https://youtu.be/7_LVxanJ9Fo?si=t-pJNokRIpTvdS4p
Palisades Fire,notification,2025-01-17T15:52:25Z,2,"It's blood-boiling to think about the person who started the fire, playing with a box of matches or God knows what !! üî•üò°üò°üò°
Thanks for uploading! You did a better job than most TV channels! üôèüëç"
Eaton Fire,notification,2025-01-17T07:15:55Z,0,"Why is everything focused on the Palisades fire? Yes it burned more acres, but the Eaton fire destroyed more structures, killed more people, and impacted more people. It should be the focus of the news."
Palisades Fire,notification,2025-01-17T06:15:54Z,1,"....and CA voters will STILL ALL vote for Newsom and the 'WOKE' Democrats.
One just has to shake one's head.
They are totally brainwashed.
Unbelievable."
Palisades Fire,preparation,2025-01-17T05:45:21Z,2,i just can‚Äôt help but keep shaking my head and saying ‚Äúdamn‚Äù this is so sad and i am not a religious person. more of a spiritual person but this feels almost biblical with the devastation that was done. üò¢ absolutely insane that they weren‚Äôt prepared or responded accordingly.
Palisades Fire,notification,2025-01-17T04:28:06Z,2,Throw newsome and bass in jail ü§¨
Palisades Fire,notification,2025-01-09T05:09:04Z,0,This news lady needs to stop reporting and get somewhere safe. And stop bothering ppl that are worried and in crisis right now.
Palisades Fire,notification,2025-01-09T00:47:51Z,0,Hey great fake news... But what about North Carolina.  How are You N.C.
Palisades Fire,notification,2025-01-08T10:58:58Z,0,Fake news. All actors.
Palisades Fire,evacuation,2025-01-08T02:46:25Z,0,"A large brush fire broke out in the Pacific Palisades neighborhood of Los Angeles, California, prompting mandatory evacuations and affecting tens of thousands of people. https://sites.google.com/view/brushfiresincalifornia/home"
Palisades Fire,evacuation,2025-01-18T03:31:17Z,0,"Yes AP, that's how reaction to fast fires happens. Please find me the modern fire that started within a suburban area that didn't start burning houses before an evacuation alert could be sent."
Palisades Fire,evacuation,2025-01-18T03:12:39Z,0,Too many cars - complicated evacuation.
Palisades Fire,evacuation,2025-12-23T00:05:35Z,0,Evacuate last minute...??
Palisades Fire,evacuation,2025-03-09T20:45:03Z,0,Now it is too late you had to go when the fire is 15 km away from your house you have to evacuate faster than the bullet because the five years are called the wild wind fire they are not to be the most deadliest fires that spread even more than 5 km even 1 second in still they are trying to evacuate people are trying but you have to stay safe the countries there are many areas they are going fire because of the clouds they are coming together and the fires farming so I hope you stay safe but still you have to go before this is too late of a time
Palisades Fire,evacuation,2025-03-06T01:13:47Z,1,"And guys you are in Los Angeles California and you are in a Evacuation all you have to do is Pack everything in your suitcase,bring your pets and drive to the hotel that is away from the smoke and the fire"
Palisades Fire,evacuation,2025-02-10T06:59:43Z,0,This is why you evacuate when the Amber alert sounds
Palisades Fire,evacuation,2025-01-25T01:04:01Z,0,"I understand wanting to protect your home -- BUT when the rest of the neighborhood is burning down around you, everyone else is gone, the air is saturated in smoke, the fence not even ten feet away from your house is on fire, and the smoke detector in your own home is screaming, you stayed too long. They didn't even seem to have packed anything in preparation. They literally waited until the last second before running out with the clothes on their backs (maybe a small jacket in their hands). Very unwise overall.

If they had evacuated, they could have at least had a bag of clothes and important paperwork. Could have even managed to make sure he had a few precious items too."
Palisades Fire,notification,2025-03-04T06:38:29Z,0,"They probably thought we were on the same level before the fire started corrupt stupid clowns that work for the government told them that or some dummie from the news media told them that? we're not on the same level fools, stupid people ignorant dummies 

I'm on the same level as politicians billions not you clowns stop attacking me or blocking my compensation it will not end well for y'all!!!!!!!!!!
real Diplomatic Experiment ‚úñÔ∏èüåçüêï‚Äçü¶∫üëÄüíßüß™ü§Æ"
Palisades Fire,notification,2025-01-13T15:59:06Z,0,"Time to build with bricks and other fire resistant material, metal roofs too. An earthquake will be less devastating than this, and Newsom had to GO!"
Palisades Fire,notification,2025-01-12T23:58:02Z,0,Newsom and Bass....what a duo.
Palisades Fire,notification,2025-01-11T14:47:48Z,2,Something is very strange about this. THEIR WAS SMOKE BALLS COMING OUTTVE THE SKY HITTING THE GROUND
Palisades Fire,evacuation,2025-01-22T18:02:39Z,0,There seems to be little evidence of the US military being involved with fighting the fires and evacuating people - makes you wander why the military seems to have not been involved?
Palisades Fire,notification,2025-01-19T18:48:01Z,0,Every body should this. SO WHEN  UTAH . Oregon. Nev .and orther states when to help Gov Newsom Stop them .until they got cal Compliance . So they all left
Palisades Fire,notification,2025-01-18T17:12:06Z,37,"So refreshing to see a news story thats more than 20 seconds. Report the events as they happened with videos to back it up. Simple, really. My first time hearing all of this."
Palisades Fire,notification,2025-01-18T16:30:28Z,0,Last weeks news.
Palisades Fire,notification,2025-01-18T14:48:52Z,22,"Sober approach to distressing news, thank you."
Palisades Fire,notification,2025-11-04T14:07:41Z,0,Newsome you've made your aunt very very proud
Palisades Fire,notification,2025-01-08T12:38:57Z,0,"ü§£ hahahaha the fire hydrants don‚Äôt have water!!!! As gavin newsome would say, ‚Äúthat‚Äôs the California way!‚Äù ü§£ keep voting democrat people."
Palisades Fire,notification,2025-01-11T19:10:40Z,4,Hopefully more land will be uninhabited for years to come for wildlife conservation.Good news.
Palisades Fire,notification,2025-01-09T15:04:29Z,2,President Trump fire Newsom
Palisades Fire,notification,2025-01-09T01:40:03Z,0,Clearly they can be unbiased because all the opinions show that it was the fault of Governor newsom
Palisades Fire,evacuation,2025-01-08T21:51:53Z,0,"""It's gridlock traffic so it would take a long time to leave anyway""....

Wow. Idiocy."
Palisades Fire,evacuation,2025-01-08T18:58:06Z,0,So glad we got out of California and dont have to deal with these üî• anymore
Palisades Fire,notification,2025-01-08T10:40:47Z,0,This all a set up they started this fire with fog sent down that was the chemical to set the fire on so we start looking at this while the real news is going in the back round they did 911 didn't care
Palisades Fire,evacuation,2025-01-08T06:48:06Z,0,The bottom line is people were told to evacuate starting at 11:30 AM and they chose not to. The hubris of the privileged and rich on full display here.
Palisades Fire,evacuation,2025-01-08T05:49:04Z,0,I remember having to be evacuated out of corona del mar
Palisades Fire,evacuation,2025-01-08T05:32:08Z,38,"the fire was right next to my house, we evacuated, I hope it didn't burn down"
Palisades Fire,detection,2025-01-17T21:26:03Z,0,1 thing I noticed is the Lt Governor stayed tf out of dodge üòÇ
Eaton Fire,notification,2025-01-23T16:21:36Z,1,"Excuse! They saw news and can't expect cell phone work everything, you live in hills be smart have a plan always. Sorry, the blame game is ridiculous."
Eaton Fire,evacuation,2025-01-23T15:45:30Z,0,She must be on another planet to the rest of the world i know she had to evacuate and i like in the uk üòÇüòÇüòÇ üòÇhas she not watched any news from any part of the world üòÇüòÇüòÇüòÇ
Eaton Fire,evacuation,2025-01-23T06:56:56Z,3,I'm disappointed that you think it's that easy to notify everybody when a fire is moving that fast... Do you honestly think that people always get evacuation orders in time? Because that's literally not how any of this works.
Eaton Fire,notification,2025-01-23T06:49:27Z,6,"They didn‚Äôt get notice and all of Los Angeles county got a false notification .  I received a second false notification at 3:30 something AM - probably was the same one that was too late for Altadena.  I‚Äôm roughly 25 miles away from Altadena Somebody at the switchboard needs to be replaced along with BASS AND NEWSOM!
Pathetic!!!"
Eaton Fire,preparation,2025-01-09T21:59:19Z,0,"I don't understand... were they not prepared in case the fire came to them? How do evacs work in these types of situations? Poor animals. GOD bless the lady who said she wouldn't leaver her babies. It's hard for some to understand that for some people, their animals ARE their family, and for a part of those, their ONLY family. Praying they get the help they need since Trump said he was pulling funding from wildfire fighting agencies, and now the fire departments have been defunded for the police----no state should have to give the much needed funds for both to one or the other. Well...I hope CA can make it through this. They have made it through many."
Eaton Fire,evacuation,2025-01-08T18:12:42Z,0,"We live in Altadena we evacuated last night with my husband, dog and 85 year old grandmotherüò¢  it‚Äôs awful"
Eaton Fire,notification,2025-01-08T15:25:47Z,0,Our idiot governor Newsom has ‚ÄúTrump proofed‚Äù California so I don‚Äôt know if these people will get federal assistance.
Eaton Fire,evacuation,2025-01-08T08:06:30Z,2,"The reporter can barely breathe! OMG this is so dangerous, why IS SHE OUT THERE LIKE THIS! You can show footage of the fire without putting this reporter and her team in danger. She‚Äôs inhaling smoke on air! There‚Äôs embers blowing around her hair. That‚Äôs insane. Slowing down the evacuation and creating a possible situation that will further endanger firefighters? This was SO Irresponsible."
Eaton Fire,notification,2025-01-08T07:34:15Z,0,"CAN'T NEWSCUM PUT THE FIRES OUT WITH HIS HAIR GEL?  HEY NEWSCUM HOW COME THERE ISN'T ANY WATER IN THE ""FIRE"" HYDRANTS?"
Eaton Fire,notification,2025-01-08T07:02:14Z,0,Newsom is diabolical.
Eaton Fire,notification,2025-01-08T06:51:52Z,0,"Nice job Gavin newsom of keeping brush fires down Yes definitely on
 you And don't you dare run for president nobody wants You"
Eaton Fire,notification,2025-01-22T20:04:51Z,0,ABC the news channel for Donald pooper Trump
Eaton Fire,evacuation,2025-01-22T18:51:52Z,0,Do you really need an order to evacuate seriously why do people think government owes them anything use your freaking brain people!
Eaton Fire,notification,2025-01-22T18:45:53Z,4,"Why would you rely on this government for warnings , orders , alerts , and admonishments ?"
Eaton Fire,notification,2025-02-15T15:51:50Z,0,"Thank you for reporting on this! This is one of the few actual news stories coming from the Industrial L.A. Fire News Coverage Complex. (I'm thinking of footage of the same streets and same scenes of the same houses burning day after day, calling it ""updates"" and ""breaking news"" when it clearly was not!) Jose and others are doing what Law Enforcement and L.A. Bureaucrats should be doing but are not."
Eaton Fire,evacuation,2025-01-21T12:51:26Z,1,This wouldn‚Äôt be an issue if they had ***** listened to the evacuation orders and left in the first place. They‚Äôre more than welcome to leave if they need supplies.
Eaton Fire,evacuation,2025-01-19T17:24:01Z,0,I‚Äôd be doing the same exact thing in a mandatory evacuation but you can‚Äôt expect others to risk staying during an evacuation for supplies. You don‚Äôt want a bunch of vehicles coming and going‚Ä¶ that‚Äôs how looters go unchecked. Everyone CAN stay if they want but they won‚Äôt force you to leave. The evacuation is mandatory though so they don‚Äôt want people out and about there. Less and less people will heed the evacuation and more people would die
Eaton Fire,evacuation,2025-01-19T01:44:48Z,0,"Imagine staying behind in an evacuation area knowing full well that resources would be scarce, if any, and then complaining about that very same thing happening. They understood the risks and made the choice to stay. Now suffer the consequences of your own choices and actions. Darwin awards need to be handed out more often."
Eaton Fire,evacuation,2025-01-18T14:23:19Z,0,"I live in NJ and a year or 2 back the forest fires in Canada greatly affected the air quality where I live . Sut and debri was everywhere. On our cars, blacktop, glass tables and in the air. This went on for weeks. School recess was held indoors because it was not safe to go outside and breathe the air. I remember walking to my car and there is a gray haze everywhere. The local gov suggested for people to wear masks outside. Mind you, we are not talking about 15-20 miles away for the fires. Canada is not a stones through away from where I live 

If one come put two into together, staying in these areas are a safety hazard. If you‚Äôre not affected today, you will be affected tomorrow. There are microscopic particles in the air that you are constantly breathing in from these toxic fires. People evacuate."
Eaton Fire,preparation,2025-01-18T05:59:49Z,0,"Same thing they did in Hawaii and NC. Just shady. I don‚Äôt know what it‚Äôs going to take before people start preparing emergency supplies. None of my friends or family are listening. Everyone just going about their days as if these things can‚Äôt and won‚Äôt ever touch them where they live. I used to think the ‚Äúpeppers‚Äù were crazy. Not anymore. What is it going to take for people to see the writing on the wall. Everyone should be prepared to be in their home with no utilities and no way to get more food and supplies from the stores, and also prepared to grab a bag and go. I don‚Äôt know what else folks have to see to wake up."
Eaton Fire,notification,2025-01-18T01:58:46Z,0,At least the news is airing this ..They didn‚Äôt even do that here in Western North Carolina..Ppl still living in tents who lost homes
Eaton Fire,evacuation,2025-01-17T23:06:35Z,1,"The reason is clear. Because you didn't follow the order. No one should have been allowed to bring you anything, and you shouldn't have been allowed to leave your home until streets are re-opened. That's how it works in Florida when people defy mandatory evacuation orders for a hurricane."
Eaton Fire,notification,2025-01-17T15:13:40Z,2,What is wrong with authorities .. why are they pushing people out of their homes? this makes no sense . newscast needs to ask these questions of those in charge.
Eaton Fire,evacuation,2025-01-17T11:00:27Z,1,"It is obvious that most of the comments here are not from people who have ever lived through any type of natural disaster.

Law enforcement and officials have the responsibility for the community at large and houses that go up and smoke are nothing compared to lives lost of people stay their ground or a home that is looted because people are able to enter the zone. I have lived in both NorCal and SoCal in both in San Francisco with earthquakes and in Santa Monica with issues like this week, as homeowners, take our chances but we are also prepared and we listen to evacuation orders. 

*This anti-government ""do not comply"" stuff is for the birds.*"
Eaton Fire,preparation,2025-01-17T07:42:31Z,0,May this serve as a lesson to ALL Americans. The government isn‚Äôt coming to save you. The government isn‚Äôt here to support you even after a natural disaster. STOP depending or relying on these tyrants. LEARN to be self sufficient. Be PREPARED for the worst! Buy generators before they are needed. Learn how to collect and store rain water. Buy solar panels and batteries. It‚Äôs time everybody WAKES TF UP. Start being self sufficient!!!!
Eaton Fire,evacuation,2025-01-17T02:00:20Z,0,"If you refuse to evacuate, you deserve nothing. Goddamn snowflakes."
Eaton Fire,evacuation,2025-01-17T01:28:38Z,0,"Lol im so glad I dont live in LA  

Literally all they need are some traffic cones and a stop sign or two but the city wont even let them set up.

I really dont know how to feel about this whole thing because on one hand they voted for these politicians and policies on the other this situation keeps getting worse."
Eaton Fire,evacuation,2025-01-17T00:36:13Z,1,"I understand why the police don't want people coming in because they could open up the neighborhood to looters, but if people have IDs and there's a city / police officer presence at the entrance, couldn't that solve the problem? I think what could be done (in the future) is have a handful of people in the community OR the city leadership to be community reps. These reps could also know who the elderly/disabled are (in each neighborhood) and be the contact to help get these people out when evacuations are called for (they would know who they are)."
Eaton Fire,notification,2025-01-16T23:38:03Z,0,They can do helicopter drop with supplies sure newsome doesn‚Äôt allow it
Eaton Fire,notification,2025-01-15T02:13:36Z,0,"In case some of the families of Altadena and others, outside the ""wealthy areas"" are not aware, pass these updates to them:   Congressman Brad Sherman says the following at today's all LA County Fire update:   1) They announced, in their daily fire update that the State is giving them, Grants $43,000 to start rebuilding their homes, plus other monies, State match with  2) FEMA grants for overall grand total of $97,000,  3)  SBA Loans of $500,000; with delayed payment, As well the State SBA is giving businesses, $2 million plus, and 4% loan; these amounts could increase.  For all LA County IRS delays tax filing to October 2025 at present.   There is a big townhall for all residents affected tomorrow, Wednesday and they were provided with call in number and location, for those who can physically attend.  Affected areas:  Palisades , Eaton , Hurst , Kenneth , Sunset , Lidia, Woodley, Altadena, Pasadena, Sylmar, Encino, Brentwood, Santa Monica, Hollywood Hills, West Hills, Acton and parts of Ventura County.  They should the 800 number for assistance, that is provided in the message alert to all residents."
Eaton Fire,notification,2025-01-08T05:15:57Z,1,"omg its really not safe for that news team to be reporting from a fire ! lmfao... its comedic like jim carreys news anchor movie, that poor girl with all that gear on.... she really wants that promotion! lol...but the fire is sad"
Eaton Fire,evacuation,2025-01-08T04:55:45Z,2,Getting ready to evacuate
Eaton Fire,evacuation,2025-01-08T04:20:57Z,35,pray for my family they‚Äôve been evacuated
Eaton Fire,evacuation,2025-02-18T17:27:09Z,0,Those embers and 100mph disaster homes businesses in flames from eaton foothills kinneloa canyon road Roosevelt street the üê¥ horses got out with the dogs cats wildlife deer‚ù§‚ù§‚ù§
Eaton Fire,notification,2025-01-17T04:23:08Z,1,Has anyone got news on the E D I horse yard. üá¨üáß
Eaton Fire,evacuation,2025-01-15T21:14:20Z,0,"I would never leave my animals behind. The captain goes down with their ship. And if I couldn't get them out I would die trying. Also, who cares about the houses and belongings??? Evacuate the people and animals. Everything else is replaceable or atleast no where near as important as the lives at risk."
Eaton Fire,notification,2025-01-15T11:36:32Z,0,"Fire, rain or snow the news reporters will be there."
Eaton Fire,notification,2025-01-15T04:05:11Z,1,Nice job Newsome and major going to Ghana
Eaton Fire,evacuation,2025-01-12T12:34:49Z,0,"A real reporter would've heard ""There's several horses we left behind"" and would turn back and go to help, that would've not only been helpful for them blocking up evacuation paths but they would've actually had a worthwhile story to watch. Instead you get this airheaded yellow journalist going ""Omg flames, don't drive""."
Eaton Fire,evacuation,2025-01-11T21:46:26Z,10,"If you have horses, please always have spray paint to paint your phone number on your horses then set them free if you evacuate. I pray for all homeless people and animals üò¢"
Eaton Fire,evacuation,2025-01-11T02:59:56Z,1,"I have two family friends they were able to save their houses by using garden hose. They were prepared with mask, fire prof jackets and small portable oxygen tanks. they teamed up went to the roof and spray water all over their surroundings and stop one small tiny fire at a time. The they simply focus to guard one direction and move from time to time to other spot. The intense part only lasted 4-5 hours and when the smokes clear the fire next door are small and manageable.. The fire in the residential area was cause by small embers that are managable. If people only people calm down and guard their houses with water, the damage should be less. Men should guard their homes while women evacuate cause they would only cry, shout and panic. Most importantly I think the panic warnings to evacuate early made by the authority did the real damage."
Eaton Fire,notification,2025-01-11T02:25:22Z,0,"RESIGN NOW and file class-action lawsuit gross negligence and incompetence against
1. Governor Newscum
2. Mayor B-ass
3. Fire Chief 
These Biden administration is incompetence to the MAX well if you have a half died leader (what do expect)."
Eaton Fire,evacuation,2025-01-16T06:49:10Z,0,Ring is so small.it's evacuation time and no need to remove it OR she placed it in a. small pouch with the other rings and put the pouch inside her bra..The firefighters were so tired and beaten but she has the gall to bother the firefighters because of her negligence and irresponsiblreness.
Eaton Fire,evacuation,2025-01-08T23:09:11Z,2,My mom works here. The fire was hard for her to breathe at one point. She was lucky enough to get everyone from her floor to safety. Management ignored her when she advised them to evacuate sooner. I hope everyone was out alive.
Eaton Fire,evacuation,2025-01-08T21:55:48Z,0,My mother-in-law was one of the persons evacuated from there. We are flying down to see her and help her next week.
Eaton Fire,evacuation,2025-01-08T07:15:43Z,2,They may need to use personal vehicles to evacuate the more stable.
Eaton Fire,notification,2025-01-08T06:50:31Z,0,"This is Newscum and Biden edition of Build Better California style. Poor JLo, she will have to move to one of five houses she owns."
Eaton Fire,notification,2025-01-08T06:26:09Z,0,JUST REPORT WHATS HAPPENING AND PUT A CAP ON ALL THE FAKE NEWS
Eaton Fire,notification,2025-01-08T05:43:56Z,0,Mainstream media fake news. Anchor woman out there walking around like she can hardly stand up while at the same time elderly people walking around with no problem.
Eaton Fire,evacuation,2025-01-08T05:27:58Z,30,So sad is so damn cold and they are just in their hospital gowns. They should had throw blankets on them at least. But hopefully at least everyone gets out safe. My brother and sister in law are in a nursing home in altadena evacuating the patience. They are both nurses.
